{
  "global evidence": -0.6754030231812945, 
  "modes": [
    {
      "index": 0, 
      "local log-evidence": -0.6754030231812945, 
      "strictly local log-evidence": -0.6754030231812945, 
      "local log-evidence error": 0.1301405039261043, 
      "maximum": [
        3.03831662432213, 
        2.5911175745146373, 
        17.593466581338163, 
        -1.9987138209880615, 
        -1.7, 
        1.0, 
        5.629434198836767, 
        15.5947527603501, 
        1.1614345426573898, 
        0.9371713615363255, 
        0.8260427369020952, 
        0.07189259759730716, 
        0.11644434404362948, 
        0.09036722995978481
      ], 
      "maximum a posterior": [
        3.03831662432213, 
        2.5911175745146373, 
        17.593466581338163, 
        -1.9987138209880615, 
        -1.7, 
        1.0, 
        5.629434198836767, 
        15.5947527603501, 
        1.1614345426573898, 
        0.9371713615363255, 
        0.8260427369020952, 
        0.07189259759730716, 
        0.11644434404362948, 
        0.09036722995978481
      ], 
      "sigma": [
        1.2474749817545872, 
        0.7575815974304261, 
        0.45817747899502387, 
        0.42054655720719786, 
        1.0323827311807139e-07, 
        0.0, 
        0.6919826919390919, 
        0.1210821349245226, 
        0.06001513356688114, 
        0.04589739925875181, 
        0.09416518563314655, 
        0.0036187591521146716, 
        0.03620722409629691, 
        0.053902401060764764
      ], 
      "strictly local log-evidence error": 0.13014050392610427, 
      "mean": [
        3.662064295750305, 
        2.0942141621329373, 
        17.059054766476216, 
        -1.4937812651738676, 
        -1.6999999999999995, 
        1.0, 
        5.756278457883248, 
        15.565273501302324, 
        1.1521028500245742, 
        0.9396009685087652, 
        0.7538592491235251, 
        0.07240928513917266, 
        0.1086848413512787, 
        0.07736605555175645
      ]
    }
  ], 
  "nested sampling global log-evidence": -0.6754030231812945, 
  "marginals": [
    {
      "5sigma": [
        2.00009453591061, 
        6.4992693818075455
      ], 
      "3sigma": [
        2.0193919550881785, 
        6.489164417741323
      ], 
      "median": 3.198937821164307, 
      "q90%": 5.824084081159905, 
      "q10%": 2.421412712300027, 
      "q25%": 2.7339983278582625, 
      "q01%": 2.108589147933851, 
      "q75%": 4.597986884046115, 
      "1sigma": [
        2.538937651175369, 
        5.3372627204981855
      ], 
      "2sigma": [
        2.185175566905479, 
        6.327226120700056
      ], 
      "q99%": 6.438660646936339, 
      "sigma": 1.3991625346614083
    }, 
    {
      "5sigma": [
        0.5474979253267694, 
        3.4972807781978386
      ], 
      "3sigma": [
        0.8815118075658214, 
        3.4918440807987143
      ], 
      "median": 2.2427235405348176, 
      "q90%": 3.117207522220462, 
      "q10%": 1.0607061010769474, 
      "q25%": 1.2655520216475051, 
      "q01%": 0.9322517347519178, 
      "q75%": 2.667318305051943, 
      "1sigma": [
        1.131306527336853, 
        2.915270704884021
      ], 
      "2sigma": [
        0.9638950504193923, 
        3.3694847938917616
      ], 
      "q99%": 3.425716388388582, 
      "sigma": 0.891982088773584
    }, 
    {
      "5sigma": [
        15.906224984431656, 
        19.984983376178207
      ], 
      "3sigma": [
        16.118033642695835, 
        18.907677119807474
      ], 
      "median": 17.078450613481834, 
      "q90%": 17.597463692082407, 
      "q10%": 16.43488735748215, 
      "q25%": 16.711547823629914, 
      "q01%": 16.200521970111012, 
      "q75%": 17.35302479563109, 
      "1sigma": [
        16.553182432791317, 
        17.468392745345103
      ], 
      "2sigma": [
        16.26744670594015, 
        18.01160341498837
      ], 
      "q99%": 18.393519177405466, 
      "sigma": 0.4576051562768928
    }, 
    {
      "5sigma": [
        -2.9004186767743683, 
        -0.3077065765618091
      ], 
      "3sigma": [
        -2.54412374673939, 
        -0.5720835321504101
      ], 
      "median": -1.5752182602251736, 
      "q90%": -0.8606072762237321, 
      "q10%": -1.9722901231164214, 
      "q25%": -1.8171767227941487, 
      "q01%": -2.3417569211855214, 
      "q75%": -1.1317089128579338, 
      "1sigma": [
        -1.9096401264334417, 
        -0.9636838181492193
      ], 
      "2sigma": [
        -2.185507268129035, 
        -0.7065758923278873
      ], 
      "q99%": -0.6586778977629879, 
      "sigma": 0.4729781541421112
    }, 
    {
      "5sigma": [
        -1.7, 
        -1.7
      ], 
      "3sigma": [
        -1.7, 
        -1.7
      ], 
      "median": -1.7, 
      "q90%": -1.7, 
      "q10%": -1.7, 
      "q25%": -1.7, 
      "q01%": -1.7, 
      "q75%": -1.7, 
      "1sigma": [
        -1.7, 
        -1.7
      ], 
      "2sigma": [
        -1.7, 
        -1.7
      ], 
      "q99%": -1.7, 
      "sigma": 0.0
    }, 
    {
      "5sigma": [
        1.0, 
        1.0
      ], 
      "3sigma": [
        1.0, 
        1.0
      ], 
      "median": 1.0, 
      "q90%": 1.0, 
      "q10%": 1.0, 
      "q25%": 1.0, 
      "q01%": 1.0, 
      "q75%": 1.0, 
      "1sigma": [
        1.0, 
        1.0
      ], 
      "2sigma": [
        1.0, 
        1.0
      ], 
      "q99%": 1.0, 
      "sigma": 0.0
    }, 
    {
      "5sigma": [
        3.7000855574249565, 
        9.259428763775528
      ], 
      "3sigma": [
        4.6811196003344975, 
        8.314111551121652
      ], 
      "median": 5.554140468084135, 
      "q90%": 6.9576895611710565, 
      "q10%": 5.105359453655737, 
      "q25%": 5.297496702059545, 
      "q01%": 4.802013557327533, 
      "q75%": 5.933835793720533, 
      "1sigma": [
        5.193862276481408, 
        6.527067381916299
      ], 
      "2sigma": [
        4.874444965568032, 
        7.481333684525404
      ], 
      "q99%": 7.657594212607462, 
      "sigma": 0.6666025527174457
    }, 
    {
      "5sigma": [
        15.332230272797128, 
        17.184436486292633
      ], 
      "3sigma": [
        15.394991427757253, 
        16.58240095717312
      ], 
      "median": 15.539445374641186, 
      "q90%": 15.683341132309614, 
      "q10%": 15.462991767059004, 
      "q25%": 15.489170015062653, 
      "q01%": 15.422216246665538, 
      "q75%": 15.606149986433882, 
      "1sigma": [
        15.474936378860173, 
        15.641225856468322
      ], 
      "2sigma": [
        15.434869627279987, 
        15.86001912044589
      ], 
      "q99%": 16.05407605412927, 
      "sigma": 0.08314473880407469
    }, 
    {
      "5sigma": [
        0.06762091622065497, 
        1.426974969642907
      ], 
      "3sigma": [
        0.9702784701339708, 
        1.320856767306384
      ], 
      "median": 1.155372110833896, 
      "q90%": 1.227383670057441, 
      "q10%": 1.0731841597469467, 
      "q25%": 1.111568304764993, 
      "q01%": 1.0068051186918838, 
      "q75%": 1.1923743856763136, 
      "1sigma": [
        1.0903415641398615, 
        1.2120517471901113
      ], 
      "2sigma": [
        1.0322552599198498, 
        1.2634488096200096
      ], 
      "q99%": 1.2854931102165807, 
      "sigma": 0.060855091525124916
    }, 
    {
      "5sigma": [
        0.035290009912742684, 
        1.163904123203784
      ], 
      "3sigma": [
        0.8154717811818335, 
        1.0755922222782954
      ], 
      "median": 0.9378813518739338, 
      "q90%": 0.9999971023110956, 
      "q10%": 0.8816520788013148, 
      "q25%": 0.9062189524349166, 
      "q01%": 0.8397696539993352, 
      "q75%": 0.9720593111520879, 
      "1sigma": [
        0.8928241675032104, 
        0.9866454129836615
      ], 
      "2sigma": [
        0.8567849938674903, 
        1.0312928119241203
      ], 
      "q99%": 1.0478988371010096, 
      "sigma": 0.04691062274022556
    }, 
    {
      "5sigma": [
        0.011864658521923997, 
        1.1316384582857917
      ],