{
  "global evidence": -8.438166908284177, 
  "modes": [
    {
      "index": 0, 
      "local log-evidence": -10.857691052769962, 
      "strictly local log-evidence": -11.438623400640607, 
      "local log-evidence error": 0.11849128788162183, 
      "maximum": [
        5.097018072029647, 
        1.188014183647431, 
        17.78526434608893, 
        -0.6372246492978744, 
        1.0, 
        6.285032255677079, 
        17.148039696791056, 
        2.9372761484464944, 
        2.5384152585868054, 
        2.093673838621869, 
        1.6869740642215856, 
        1.3139353822603275
      ], 
      "maximum a posterior": [
        3.429753937717299, 
        1.0787368153415913, 
        17.8302412266387, 
        -0.5243849424998759, 
        1.0, 
        4.50849075305889, 
        17.305856284138827, 
        2.7085899029674554, 
        2.224870425814989, 
        1.6553490389327592, 
        0.9088425281480202, 
        0.16906264791700837
      ], 
      "sigma": [
        1.4142677700072552, 
        0.19928826214167383, 
        0.19454750174129598, 
        0.18957094155747434, 
        0.0, 
        1.3200867451447031, 
        0.0815157437076009, 
        0.09684693681302647, 
        0.14980173968960492, 
        0.31932922077614095, 
        0.4810254354810326, 
        0.5115539463904156
      ], 
      "strictly local log-evidence error": 0.3105011579109207, 
      "mean": [
        3.620352447173991, 
        1.3201309692458283, 
        18.005227320073786, 
        -0.7564977332166248, 
        1.0, 
        4.940483416419819, 
        17.24872958685717, 
        2.851498091906389, 
        2.465442748120119, 
        1.916610991035978, 
        1.3084880561728593, 
        0.7579568624366703
      ]
    }, 
    {
      "index": 1, 
      "local log-evidence": -8.578701504774108, 
      "strictly local log-evidence": -8.784242917683835, 
      "local log-evidence error": 0.1174979863807527, 
      "maximum": [
        2.7431461376965576, 
        2.8667343335291253, 
        15.486299866598138, 
        -0.10469436798232135, 
        1.0, 
        5.609880471225683, 
        15.381605498615816, 
        2.8728425138063147, 
        3.737209790936223, 
        2.4768051431940656, 
        1.3499845291901664, 
        0.7000589156318505
      ], 
      "maximum a posterior": [
        2.7431461376965576, 
        2.8667343335291253, 
        15.486299866598138, 
        -0.10469436798232135, 
        1.0, 
        5.609880471225683, 
        15.381605498615816, 
        2.8728425138063147, 
        3.737209790936223, 
        2.4768051431940656, 
        1.3499845291901664, 
        0.7000589156318505
      ], 
      "sigma": [
        1.1244586413600275, 
        0.7740110272048875, 
        0.31522991352302593, 
        0.24827786223991116, 
        NaN, 
        0.5914585423435714, 
        0.12446852047244633, 
        0.23760649946833476, 
        0.26746300032671466, 
        0.19220925587380938, 
        0.33495349603972235, 
        0.3270189976328998
      ], 
      "strictly local log-evidence error": 0.14243929885927376, 
      "mean": [
        3.8656361021241445, 
        1.9543981300898416, 
        15.95997444509264, 
        -0.431520052359355, 
        1.0000000000000024, 
        5.820034232213994, 
        15.528454392733266, 
        2.8687721125799706, 
        3.5907537291469374, 
        2.4998272109858086, 
        1.284958708428404, 
        0.5334679582049793
      ]
    }, 
    {
      "index": 2, 
      "local log-evidence": -11.604866525119169, 
      "strictly local log-evidence": -11.85685848594572, 
      "local log-evidence error": 0.1342759673229397, 
      "maximum": [
        3.044537132004284, 
        2.580347717287262, 
        18.989165083379003, 
        -1.703127178751192, 
        1.0, 
        5.624884849291546, 
        17.28603790462781, 
        2.957553633001628, 
        3.6845611234983435, 
        2.5554214243617546, 
        1.323470584198518, 
        9.338183406543652e+89
      ], 
      "maximum a posterior": [
        3.044537132004284, 
        2.580347717287262, 
        18.989165083379003, 
        -1.703127178751192, 
        1.0, 
        5.624884849291546, 
        17.28603790462781, 
        2.957553633001628, 
        3.6845611234983435, 
        2.5554214243617546, 
        1.323470584198518, 
        9.338183406543652e+89
      ], 
      "sigma": [
        0.25676418209171076, 
        0.11765671753191079, 
        0.12863634894240325, 
        0.11905548206450024, 
        1.0536712127723509e-08, 
        0.28919739157621327, 
        0.09210244737754157, 
        0.18041874542686984, 
        0.2288782507226064, 
        0.12334269569540368, 
        0.12701287333670297, 
        2.312497423972537e+97
      ], 
      "strictly local log-evidence error": 0.6620826548207646, 
      "mean": [
        3.0733720246898826, 
        2.6290322493003213, 
        18.80183407081038, 
        -1.705196108330701, 
        0.9999999999999999, 
        5.702404273990204, 
        17.096637962479676, 
        3.0516527424402593, 
        3.3284526653156306, 
        2.465513517023295, 
        1.1543000251655855, 
        2.6768660892667803e+96
      ]
    }
  ], 
  "nested sampling global log-evidence": -8.438166908284177, 
  "marginals": [
    {
      "5sigma": [
        2.0026992653250897, 
        6.494453387092391
      ], 
      "3sigma": [
        2.0128485914232055, 
        6.479015128198155
      ], 
      "median": 3.4144345408022883, 
      "q90%": 5.705459825882352, 
      "q10%": 2.59174925703986, 
      "q25%": 2.8865447521595624, 
      "q01%": 2.0972762057985057, 
      "q75%": 4.554570103364919, 
      "1sigma": [
        2.695970890432801, 
        5.223890311924835
      ], 
      "2sigma": [
        2.28241261918074, 
        6.312401774625278
      ], 
      "q99%": 6.4088618539955355, 
      "sigma": 1.2639597107460172
    }, 
    {
      "5sigma": [
        0.8723613668781599, 
        3.498411055070054
      ], 
      "3sigma": [
        1.0127184394307833, 
        3.4866077103814708
      ], 
      "median": 1.6665371510412856, 
      "q90%": 3.0448250677864506, 
      "q10%": 1.1086771409381524, 
      "q25%": 1.2121469347524458, 
      "q01%": 1.0458207998691147, 
      "q75%": 2.572274718455869, 
      "1sigma": [
        1.1467090355042555, 
        2.7767904473753955
      ], 
      "2sigma": [
        1.0631878510728952, 
        3.382124305129013
      ], 
      "q99%": 3.4515219362031395, 
      "sigma": 0.81504070593557
    }, 
    {
      "5sigma": [
        15.293450801703088, 
        18.998692946711863
      ], 
      "3sigma": [
        15.34889437531717, 
        18.985064120892414
      ], 
      "median": 16.08362339104446, 
      "q90%": 18.058259346804174, 
      "q10%": 15.591040474708942, 
      "q25%": 15.787872645882453, 
      "q01%": 15.392128602125439, 
      "q75%": 16.543507608846852, 
      "1sigma": [
        15.680300013541693, 
        17.80946057076111
      ], 
      "2sigma": [
        15.442423954320537, 
        18.739995312650887
      ], 
      "q99%": 18.906690530563992, 
      "sigma": 1.064580278609709
    }, 
    {
      "5sigma": [
        -1.963301080004042, 
        -0.0012805211901484503
      ], 
      "3sigma": [
        -1.8909174626084566, 
        -0.004224934411075421
      ], 
      "median": -0.5069928344599924, 
      "q90%": -0.13830217414111448, 
      "q10%": -1.0531949029471945, 
      "q25%": -0.7446513317463125, 
      "q01%": -1.7875248795134289, 
      "q75%": -0.2940647134267098, 
      "1sigma": [
        -0.874616983328824, 
        -0.19632115032578282
      ], 
      "2sigma": [
        -1.6593267051786773, 
        -0.04904248170044266
      ], 
      "q99%": -0.01816661089511711, 
      "sigma": 0.3391479165015206
    }, 
    {
      "5sigma": [
        1.0, 
        1.0
      ], 
      "3sigma": [
        1.0, 
        1.0
      ], 
      "median": 1.0, 
      "q90%": 1.0,