{
  "global evidence": 0.31503462934728693, 
  "modes": [
    {
      "index": 0, 
      "local log-evidence": 0.31231740104554995, 
      "strictly local log-evidence": 0.3122860185735765, 
      "local log-evidence error": 0.13685768377653076, 
      "maximum": [
        3.6027138113203314, 
        1.1834312810468899, 
        16.871559961099216, 
        -1.1190975198832511, 
        -2.0, 
        1.0, 
        4.786145092367221, 
        15.752462441215965, 
        0.8855812349632649, 
        0.729369266049144, 
        0.47000418676204864, 
        0.06736498630252749, 
        0.06789709519907194, 
        0.019178724942595
      ], 
      "maximum a posterior": [
        3.6027138113203314, 
        1.1834312810468899, 
        16.871559961099216, 
        -1.1190975198832511, 
        -2.0, 
        1.0, 
        4.786145092367221, 
        15.752462441215965, 
        0.8855812349632649, 
        0.729369266049144, 
        0.47000418676204864, 
        0.06736498630252749, 
        0.06789709519907194, 
        0.019178724942595
      ], 
      "sigma": [
        1.072611901845628, 
        0.43447708523435535, 
        0.2800963795890615, 
        0.22768157841214917, 
        NaN, 
        NaN, 
        0.7065879229156105, 
        0.10881236221500949, 
        0.03715707814115574, 
        0.02315539246459498, 
        0.023178338911016838, 
        0.004785869071277241, 
        0.020225005839208263, 
        0.008091085563425252
      ], 
      "strictly local log-evidence error": 0.1386753117329556, 
      "mean": [
        3.033986270366795, 
        1.6369102600100205, 
        17.12970355369667, 
        -1.2784991349553363, 
        -2.0000000000000018, 
        1.0000000000000009, 
        4.6708965303768055, 
        15.851204418741322, 
        0.884509493376779, 
        0.7030302301457798, 
        0.4650185025366935, 
        0.06692174556344421, 
        0.04802264497220812, 
        0.01567876726692915
      ]
    }, 
    {
      "index": 1, 
      "local log-evidence": -5.5944666020935045, 
      "strictly local log-evidence": -5.594774527333012, 
      "local log-evidence error": 0.16106264276872465, 
      "maximum": [
        2.927908376322805, 
        3.210577635311033, 
        18.096859741318468, 
        -2.1241700296506805, 
        -2.0, 
        1.0, 
        6.138486011633837, 
        15.972689711667787, 
        0.8429907850576174, 
        0.6862636212759605, 
        0.4968536596778987, 
        0.06705608517503775, 
        0.141550324335878, 
        0.12862747094640295
      ], 
      "maximum a posterior": [
        2.927908376322805, 
        3.210577635311033, 
        18.096859741318468, 
        -2.1241700296506805, 
        -2.0, 
        1.0, 
        6.138486011633837, 
        15.972689711667787, 
        0.8429907850576174, 
        0.6862636212759605, 
        0.4968536596778987, 
        0.06705608517503775, 
        0.141550324335878, 
        0.12862747094640295
      ], 
      "sigma": [
        0.06436230455686122, 
        0.17941837487542064, 
        0.06209835456326774, 
        0.0411508556669253, 
        2.9802322387695312e-08, 
        1.4901161193847656e-08, 
        0.12826937218286316, 
        0.03132441781488264, 
        0.02702104074469014, 
        0.02556303840191662, 
        0.017814258623553354, 
        0.003717164271315387, 
        0.008894437141431618, 
        0.010887851297363716
      ], 
      "strictly local log-evidence error": 0.999110351973748, 
      "mean": [
        2.981241553745451, 
        3.104515399738563, 
        18.157249304325084, 
        -2.174267069489702, 
        -1.9999999999999996, 
        0.9999999999999998, 
        6.085756953484014, 
        15.982982234835385, 
        0.828464234723833, 
        0.6830202826500863, 
        0.5041353041080068, 
        0.0678524484055462, 
        0.14034380169509766, 
        0.12740232073362054
      ]
    }
  ], 
  "nested sampling global log-evidence": 0.31503462934728693, 
  "marginals": [
    {
      "5sigma": [
        2.0003402081902517, 
        6.499415609721674
      ], 
      "3sigma": [
        2.001196996952459, 
        6.491328811414839
      ], 
      "median": 2.6103167101259777, 
      "q90%": 4.68972248785198, 
      "q10%": 2.086118766066978, 
      "q25%": 2.2411178050938716, 
      "q01%": 2.0085794435010462, 
      "q75%": 3.516804892317771, 
      "1sigma": [
        2.137607593088992, 
        4.072248472858664
      ], 
      "2sigma": [
        2.019228850253612, 
        6.029545248214395
      ], 
      "q99%": 6.322175157828234, 
      "sigma": 0.9673204398848361
    }, 
    {
      "5sigma": [
        0.8168008341151052, 
        3.487235492375013
      ], 
      "3sigma": [
        0.8633634376555414, 
        3.1433914140053933
      ], 
      "median": 1.7407860004166782, 
      "q90%": 2.148845225779618, 
      "q10%": 0.9847516619047565, 
      "q25%": 1.2220685888758815, 
      "q01%": 0.8969351958394005, 
      "q75%": 2.0070381245640347, 
      "1sigma": [
        1.047663825215327, 
        2.083228016791523
      ], 
      "2sigma": [
        0.9201859731390007, 
        2.2960672345574618
      ], 
      "q99%": 2.3550264404297323, 
      "sigma": 0.517782095788098
    }, 
    {
      "5sigma": [
        16.3237265775077, 
        19.749956663133354
      ], 
      "3sigma": [
        16.451919169791772, 
        18.156984245041766
      ], 
      "median": 17.21057033960036, 
      "q90%": 17.447288538284457, 
      "q10%": 16.680220039916268, 
      "q25%": 16.902654734385187, 
      "q01%": 16.545217422050815, 
      "q75%": 17.353312449977114, 
      "1sigma": [
        16.761661830654486, 
        17.402156861775993
      ], 
      "2sigma": [
        16.583377740528753, 
        17.54206478430803
      ], 
      "q99%": 17.57642372333737, 
      "sigma": 0.32024751556075337
    }, 
    {
      "5sigma": [
        -2.683553760394832, 
        -0.5396512307038459
      ], 
      "3sigma": [
        -2.1689530533806183, 
        -0.6528501080171903
      ], 
      "median": -1.3678758572462733, 
      "q90%": -0.8796004657870158, 
      "q10%": -1.4863081536030065, 
      "q25%": -1.4361902934232293, 
      "q01%": -1.5896792108610425, 
      "q75%": -1.1640187438602152, 
      "1sigma": [
        -1.467209712549405, 
        -0.9666169441192465
      ], 
      "2sigma": [
        -1.5502308657289123, 
        -0.7697054362963608
      ], 
      "q99%": -0.7279533854772362, 
      "sigma": 0.25029638421507927
    }, 
    {
      "5sigma": [
        -2.0, 
        -2.0
      ], 
      "3sigma": [
        -2.0, 
        -2.0
      ], 
      "median": -2.0, 
      "q90%": -2.0, 
      "q10%": -2.0, 
      "q25%": -2.0, 
      "q01%": -2.0, 
      "q75%": -2.0, 
      "1sigma": [
        -2.0, 
        -2.0
      ], 
      "2sigma": [
        -2.0, 
        -2.0
      ], 
      "q99%": -2.0, 
      "sigma": 0.0
    }, 
    {
      "5sigma": [
        1.0, 
        1.0
      ], 
      "3sigma": [
        1.0, 
        1.0
      ], 
      "median": 1.0, 
      "q90%": 1.0, 
      "q10%": 1.0, 
      "q25%": 1.0, 
      "q01%": 1.0, 
      "q75%": 1.0, 
      "1sigma": [
        1.0, 
        1.0
      ], 
      "2sigma": [
        1.0, 
        1.0
      ], 
      "q99%": 1.0, 
      "sigma": 0.0
    }, 
    {
      "5sigma": [
        3.589340923734416, 
        8.851465730872542
      ], 
      "3sigma": [
        3.8963607870704826, 
        7.4344726818644915
      ], 
      "median": 4.417875067730287, 
      "q90%": 5.701759502382515, 
      "q10%": 4.140404144260485, 
      "q25%": 4.269675512889478, 
      "q01%": 3.9756302127867547, 
      "q75%": 4.75271217441519, 
      "1sigma": [
        4.197372847177792, 
        5.143335276909811
      ], 
      "2sigma": [
        4.038032518092991, 
        6.95744217578114
      ], 
      "q99%": 7.2616683942105,